amfi_code,Tracking_Error
148567,0.18797377271500346
120505,0.23266121743560642
120843,0.2065396753798915
100033,0.22497628643795547
120504,0.18729903509098159
